Date,Open,High,Low,Close,Volume,Dividends,Stock Splits
2021-01-04,31.773,31.971,30.458,30.467,2152100,0.0,0.0
2021-01-05,30.591,30.839,30.367,30.417,1826700,0.0,0.0
2021-01-06,30.764,31.69,30.483,31.55,2765900,0.0,0.0
2021-01-07,31.525,31.55,30.797,31.054,1860200,0.0,0.0
2021-01-08,31.079,31.254,30.862,31.204,879100,0.36,0.0
2021-01-11,31.204,31.321,30.695,30.928,1485600,0.0,0.0
2021-01-12,30.887,31.479,30.678,31.329,2524600,0.0,0.0
2021-01-13,31.346,31.955,31.17,31.93,1291600,0.0,0.0
2021-01-14,32.105,32.539,31.838,32.331,2074900,0.0,0.0
2021-01-15,32.281,32.99,32.189,32.907,1972200,0.0,0.0
2021-01-19,33.09,33.09,32.114,32.289,1902700,0.0,0.0
2021-01-20,32.039,33.057,31.813,32.948,2074900,0.0,0.0
2021-01-21,32.681,33.015,32.381,32.782,1117200,0.0,0.0
2021-01-22,32.631,32.873,32.523,32.648,1201300,0.0,0.0
2021-01-25,32.539,32.848,32.222,32.564,1546700,0.0,0.0
2021-01-26,32.64,32.94,32.372,32.731,1453400,0.0,0.0
2021-01-27,32.514,32.882,31.663,31.855,1390400,0.0,0.0
2021-01-28,31.93,32.982,31.788,32.489,1798300,0.0,0.0
2021-01-29,32.256,32.665,31.713,32.097,1152400,0.0,0.0
2021-02-01,32.231,32.414,31.596,32.356,1533500,0.0,0.0
2021-02-02,32.439,32.681,32.214,32.439,1291500,0.0,0.0
2021-02-03,32.139,32.932,31.963,32.79,1399500,0.0,0.0
2021-02-04,32.748,33.591,32.489,33.174,1553700,0.0,0.0
2021-02-05,33.374,33.483,33.007,33.449,1000200,0.0,0.0
2021-02-08,33.583,34.276,33.274,34.192,1608500,0.0,0.0
2021-02-09,34.359,34.443,33.992,34.368,1300900,0.0,0.0
2021-02-10,32.957,34.969,32.731,34.835,1743100,0.0,0.0
2021-02-11,35.06,36.221,34.676,36.162,2279800,0.0,0.0
2021-02-12,36.137,36.288,35.57,35.653,1899300,0.0,0.0
2021-02-16,35.653,35.778,35.102,35.478,1338200,0.0,0.0
2021-02-17,35.486,35.511,34.969,35.311,1423000,0.0,0.0
2021-02-18,35.211,35.536,34.944,35.027,1809000,0.0,0.0
2021-02-19,35.144,35.403,34.894,35.244,2797200,0.0,0.0
2021-02-22,35.303,35.687,35.102,35.428,1484400,0.0,0.0
2021-02-23,35.703,36.471,35.561,36.296,2042000,0.0,0.0
2021-02-24,36.254,36.471,35.979,36.254,2016300,0.0,0.0
2021-02-25,36.229,36.446,35.177,35.378,1619000,0.0,0.0
2021-02-26,35.369,35.495,34.351,34.368,2572600,0.0,0.0
2021-03-01,34.919,35.595,34.852,35.136,1958800,0.0,0.0
2021-03-02,34.985,35.428,34.752,35.152,1961400,0.0,0.0
2021-03-03,35.269,36.121,35.127,35.636,1725600,0.0,0.0
2021-03-04,35.737,36.071,34.843,35.344,2444900,0.0,0.0
2021-03-05,35.478,35.845,34.802,35.52,2311100,0.0,0.0
2021-03-08,35.803,36.596,35.461,36.271,2011200,0.0,0.0
2021-03-09,36.071,36.63,35.795,35.828,1458500,0.0,0.0
2021-03-10,35.828,36.379,35.269,36.179,2329500,0.0,0.0
2021-03-11,36.171,36.738,36.045,36.396,2264600,0.0,0.0
2021-03-12,36.813,37.74,36.672,37.69,2849100,0.0,0.0
2021-03-15,37.907,38.425,37.44,38.066,2192100,0.0,0.0
2021-03-16,38.099,38.308,37.106,37.331,1736300,0.0,0.0
2021-03-17,37.431,37.782,37.081,37.732,1849500,0.0,0.0
2021-03-18,37.54,37.84,37.264,37.565,1844600,0.0,0.0
2021-03-19,37.481,37.54,36.146,36.179,3060700,0.0,0.0
2021-03-22,36.112,36.521,35.87,36.338,1647200,0.0,0.0
2021-03-23,36.288,36.621,36.121,36.48,1386400,0.0,0.0
2021-03-24,36.346,36.855,36.229,36.313,2527000,0.0,0.0
2021-03-25,36.338,37.172,35.753,36.98,1985300,0.0,0.0
2021-03-26,37.089,37.406,36.972,37.364,1393600,0.0,0.0
2021-03-29,37.156,37.373,36.688,37.072,1552500,0.0,0.0
2021-03-30,37.031,37.298,36.939,37.064,1436000,0.0,0.0
2021-03-31,36.154,37.072,35.837,36.613,5540100,0.0,0.0
2021-04-01,36.747,37.047,36.488,37.031,2441300,0.0,0.0
2021-04-05,37.248,37.314,36.062,36.571,2368600,0.0,0.0
2021-04-06,36.488,36.805,36.313,36.772,2392100,0.0,0.0
2021-04-07,37.005,37.281,36.688,37.248,1647900,0.0,0.0
2021-04-08,37.082,37.284,36.88,37.006,1166400,0.363,0.0
2021-04-09,37.158,37.258,36.855,37.082,1495500,0.0,0.0
2021-04-12,37.082,37.242,36.711,37.166,1649900,0.0,0.0
2021-04-13,37.073,37.402,36.956,37.376,2246000,0.0,0.0
2021-04-14,37.351,37.662,37.157,37.183,1325000,0.0,0.0
2021-04-15,37.233,37.848,37.225,37.763,1711100,0.0,0.0
2021-04-16,38.024,38.066,37.637,37.89,1314600,0.0,0.0
2021-04-19,38.033,38.033,37.688,37.982,983600,0.0,0.0
2021-04-20,37.957,38.824,37.957,38.563,2332600,0.0,0.0
2021-04-21,38.689,39.236,38.412,39.06,1746000,0.0,0.0
2021-04-22,39.144,39.379,38.832,38.841,1791400,0.0,0.0
2021-04-23,38.815,39.531,38.74,39.371,2056900,0.0,0.0
2021-04-26,39.539,39.682,39.219,39.396,1822500,0.0,0.0
2021-04-27,39.472,39.792,39.034,39.388,2813700,0.0,0.0
2021-04-28,39.548,39.674,38.521,38.546,2218800,0.0,0.0
2021-04-29,38.79,39.203,38.58,38.723,1928800,0.0,0.0
2021-04-30,38.647,39.194,38.496,39.093,2039900,0.0,0.0
2021-05-03,39.371,39.464,38.765,38.815,1429500,0.0,0.0
2021-05-04,38.841,39.085,38.1,38.353,2408100,0.0,0.0
2021-05-05,38.167,38.378,37.679,37.881,1864300,0.0,0.0
2021-05-06,37.974,38.664,37.789,38.614,1976700,0.0,0.0
2021-05-07,38.454,39.085,38.454,38.959,1393700,0.0,0.0
2021-05-10,39.127,39.758,39.017,39.27,1040600,0.0,0.0
2021-05-11,38.933,39.11,38.437,38.815,1829400,0.0,0.0
2021-05-12,38.891,39.017,37.604,37.738,2081700,0.0,0.0
2021-05-13,37.789,38.933,37.747,38.605,1385000,0.0,0.0
2021-05-14,38.571,39.186,38.538,39.043,1624000,0.0,0.0
2021-05-17,39.043,39.169,38.773,39.051,1246800,0.0,0.0
2021-05-18,38.916,39.203,38.614,38.908,1287000,0.0,0.0
2021-05-19,38.639,38.723,37.94,38.538,1468600,0.0,0.0
2021-05-20,38.513,39.219,38.395,39.102,1312800,0.0,0.0
2021-05-21,39.102,39.337,38.908,39.026,1144300,0.0,0.0
2021-05-24,39.177,39.733,39.043,39.531,1352800,0.0,0.0
2021-05-25,39.581,39.716,39.203,39.598,1376800,0.0,0.0
2021-05-26,39.649,39.977,39.438,39.607,1277700,0.0,0.0
2021-05-27,39.834,39.851,39.497,39.539,3367100,0.0,0.0
2021-05-28,39.893,40.238,39.657,40.086,1484100,0.0,0.0
2021-06-01,40.28,41.063,40.078,41.021,1823400,0.0,0.0
2021-06-02,41.189,41.685,40.953,41.618,2464300,0.0,0.0
2021-06-03,41.61,41.61,41.164,41.281,2531500,0.0,0.0
2021-06-04,41.5,41.66,40.978,41.265,1605600,0.0,0.0
2021-06-07,41.416,41.929,41.231,41.559,2365000,0.0,0.0
2021-06-08,41.711,42.19,41.643,41.727,2850000,0.0,0.0
2021-06-09,41.871,42.106,41.584,41.803,1613200,0.0,0.0
2021-06-10,41.879,42.586,41.795,42.241,1331600,0.0,0.0
2021-06-11,42.3,42.333,41.921,42.325,2364700,0.0,0.0
2021-06-14,42.19,42.224,41.913,42.182,1437800,0.0,0.0
2021-06-15,42.047,42.148,41.728,41.753,1279600,0.0,0.0
2021-06-16,41.862,42.039,41.399,41.416,1244600,0.0,0.0
2021-06-17,41.374,41.534,40.995,41.416,2360500,0.0,0.0
2021-06-18,41.391,41.77,40.574,40.591,3362600,0.0,0.0
2021-06-21,40.802,41.845,40.701,41.702,1568600,0.0,0.0
2021-06-22,41.736,41.854,41.483,41.627,1940400,0.0,0.0
2021-06-23,41.593,41.972,41.467,41.727,1536200,0.0,0.0
2021-06-24,41.803,41.955,41.467,41.753,1844500,0.0,0.0
2021-06-25,41.744,41.997,41.593,41.963,1386100,0.0,0.0
2021-06-28,42.089,42.115,41.399,41.896,2017600,0.0,0.0
2021-06-29,41.896,42.056,41.509,41.635,1367200,0.0,0.0
2021-06-30,41.635,42.005,41.172,41.223,2102800,0.0,0.0
2021-07-01,41.256,42.064,41.113,41.736,1618300,0.0,0.0
2021-07-02,41.736,42.115,41.66,41.845,1827200,0.0,0.0
2021-07-06,41.837,42.493,41.416,42.392,2972300,0.0,0.0
2021-07-07,42.249,43.133,42.03,42.906,2288300,0.0,0.0
2021-07-08,42.578,43.167,42.308,43.04,2842000,0.0,0.0
2021-07-09,43.552,44.052,43.162,44.043,2630000,0.363,0.0
2021-07-12,43.763,44.577,43.721,44.314,2053900,0.0,0.0
2021-07-13,44.119,44.357,43.636,43.992,2279200,0.0,0.0
2021-07-14,43.925,44.45,43.823,44.348,1656000,0.0,0.0
2021-07-15,44.442,44.798,44.255,44.73,1637100,0.0,0.0
2021-07-16,44.899,45.213,44.772,45.137,2025800,0.0,0.0
2021-07-19,44.704,45.009,44.145,44.679,4088600,0.0,0.0
2021-07-20,44.908,46.222,44.687,45.916,2389500,0.0,0.0
2021-07-21,45.976,46.662,45.916,46.069,2025700,0.0,0.0
2021-07-22,45.967,46.137,45.637,46.061,4802300,0.0,0.0
2021-07-23,46.213,46.671,46.001,46.561,1972300,0.0,0.0
2021-07-26,46.366,46.756,46.154,46.679,2070600,0.0,0.0
2021-07-27,46.628,46.976,46.323,46.798,1707200,0.0,0.0
2021-07-28,46.866,47.061,46.535,46.688,1545700,0.0,0.0
2021-07-29,46.908,47.417,46.561,47.12,1734300,0.0,0.0
2021-07-30,47.239,47.73,46.476,46.612,2639600,0.0,0.0
2021-08-02,46.671,47.349,46.306,46.612,1454900,0.0,0.0
2021-08-03,46.705,46.798,46.306,46.73,1219000,0.0,0.0
2021-08-04,46.645,46.806,46.272,46.501,1023500,0.0,0.0
2021-08-05,46.849,47.001,46.34,46.849,997000,0.0,0.0
2021-08-06,47.001,47.247,46.493,46.518,2125700,0.0,0.0
2021-08-09,46.357,46.645,46.052,46.281,1565900,0.0,0.0
2021-08-10,46.315,46.442,45.535,45.56,2418900,0.0,0.0
2021-08-11,45.637,45.874,45.111,45.179,2170400,0.0,0.0
2021-08-12,45.306,45.433,44.908,45.12,1733500,0.0,0.0
2021-08-13,45.086,45.442,44.984,45.34,1432500,0.0,0.0
2021-08-16,45.289,45.781,45.179,45.306,1728000,0.0,0.0
2021-08-17,45.171,45.255,44.323,44.925,2123700,0.0,0.0
2021-08-18,44.806,44.933,44.442,44.603,2276400,0.0,0.0
2021-08-19,44.433,45.043,44.238,44.925,1165500,0.0,0.0
2021-08-20,44.823,45.281,44.442,45.001,1258200,0.0,0.0
2021-08-23,44.967,45.179,44.475,44.611,1118400,0.0,0.0
2021-08-24,44.73,44.865,43.899,44.187,1506500,0.0,0.0
2021-08-25,44.204,44.687,43.908,44.23,1520800,0.0,0.0
2021-08-26,44.281,44.755,44.103,44.492,1237200,0.0,0.0
2021-08-27,44.738,45.137,44.543,44.764,1159700,0.0,0.0
2021-08-30,44.798,45.408,44.603,45.315,1148700,0.0,0.0
2021-08-31,45.204,45.849,45.06,45.789,2988700,0.0,0.0
2021-09-01,46.094,46.984,45.933,46.866,2164200,0.0,0.0
2021-09-02,47.044,47.162,46.391,47.01,1919200,0.0,0.0
2021-09-03,46.781,47.086,46.264,46.934,1529100,0.0,0.0
2021-09-07,46.713,46.713,44.967,45.645,2239800,0.0,0.0
2021-09-08,45.45,46.459,45.281,46.196,1804600,0.0,0.0
2021-09-09,46.069,46.069,45.365,45.399,1639300,0.0,0.0
2021-09-10,45.484,45.518,44.687,44.713,1418400,0.0,0.0
2021-09-13,45.408,45.705,45.043,45.213,1765200,0.0,0.0
2021-09-14,45.391,45.586,44.925,45.315,1175800,0.0,0.0
2021-09-15,45.34,45.908,45.213,45.476,1499100,0.0,0.0
2021-09-16,45.518,45.849,45.069,45.56,1837600,0.0,0.0
2021-09-17,45.289,45.654,44.908,45.077,7464800,0.0,0.0
2021-09-20,44.645,45.374,44.526,45.043,3125300,0.0,0.0
2021-09-21,45.425,45.823,45.145,45.196,1930200,0.0,0.0
2021-09-22,45.611,45.899,45.374,45.467,2201300,0.0,0.0
2021-09-23,45.823,46.264,45.603,45.755,2757800,0.0,0.0
2021-09-24,45.552,46.044,45.357,45.391,1604000,0.0,0.0
2021-09-27,45.459,45.849,44.586,44.662,1868900,0.0,0.0
2021-09-28,44.348,44.874,44.009,44.662,1617900,0.0,0.0
2021-09-29,44.993,45.654,44.823,45.374,1181400,0.0,0.0
2021-09-30,45.628,45.713,44.73,44.908,2485600,0.0,0.0
2021-10-01,45.272,45.62,44.484,45.382,1408700,0.0,0.0
2021-10-04,45.204,45.73,44.933,45.552,1983900,0.0,0.0
2021-10-05,45.721,45.764,44.976,45.374,1659700,0.0,0.0
2021-10-06,45.12,45.874,44.416,45.772,1311500,0.0,0.0
2021-10-07,46.091,46.244,45.442,45.69,2460300,0.363,0.0
2021-10-08,45.655,45.911,45.237,45.263,1148300,0.0,0.0
2021-10-11,45.229,45.707,44.742,45.135,948600,0.0,0.0
2021-10-12,45.459,45.937,45.101,45.741,1607900,0.0,0.0
2021-10-13,45.579,46.517,45.408,46.381,1740200,0.0,0.0
2021-10-14,46.705,47.055,46.313,46.995,887900,0.0,0.0
2021-10-15,47.226,47.277,45.886,46.031,2225600,0.0,0.0
2021-10-18,45.869,46.534,45.741,46.415,1122800,0.0,0.0
2021-10-19,46.603,46.697,45.971,46.031,702500,0.0,0.0
2021-10-20,45.971,46.756,45.92,46.697,1280000,0.0,0.0
2021-10-21,46.79,46.833,46.475,46.756,1139800,0.0,0.0
2021-10-22,46.978,47.064,46.662,46.927,878500,0.0,0.0
2021-10-25,47.046,47.046,46.475,46.654,1161800,0.0,0.0
2021-10-26,46.662,47.388,46.321,47.055,1238000,0.0,0.0
2021-10-27,46.816,47.806,46.816,47.32,1322000,0.0,0.0
2021-10-28,47.43,48.173,47.362,48.011,1746100,0.0,0.0
2021-10-29,47.797,47.968,47.038,47.388,2243200,0.0,0.0
2021-11-01,47.422,47.49,45.903,46.961,1747200,0.0,0.0
2021-11-02,47.328,47.328,46.543,47.106,1463400,0.0,0.0
2021-11-03,47.123,47.413,46.697,47.081,2140400,0.0,0.0
2021-11-04,47.004,47.209,45.801,46.21,1345200,0.0,0.0
2021-11-05,46.594,47.157,46.551,46.773,1212600,0.0,0.0
2021-11-08,46.423,46.876,46.065,46.833,2074500,0.0,0.0
2021-11-09,46.935,47.123,46.671,47.123,1224600,0.0,0.0
2021-11-10,47.115,47.644,46.918,47.32,1334800,0.0,0.0
2021-11-11,47.192,47.695,46.944,47.678,1271800,0.0,0.0
2021-11-12,47.738,48.028,47.473,47.704,937600,0.0,0.0
2021-11-15,47.883,48.591,47.661,48.591,871600,0.0,0.0
2021-11-16,48.634,48.693,47.874,47.9,1766700,0.0,0.0
2021-11-17,47.78,48.105,46.27,48.062,1451500,0.0,0.0
2021-11-18,48.122,48.497,47.96,48.378,1146500,0.0,0.0
2021-11-19,48.378,48.378,47.456,47.917,1166200,0.0,0.0
2021-11-22,47.857,48.241,47.405,47.473,1205600,0.0,0.0
2021-11-23,47.618,48.48,47.268,48.395,1073800,0.0,0.0
2021-11-24,48.412,49.436,48.267,49.231,1509700,0.0,0.0
2021-11-26,48.335,48.591,47.388,47.524,892200,0.0,0.0
2021-11-29,47.908,49.188,47.704,49.043,3271200,0.0,0.0
2021-11-30,48.676,49.649,48.412,48.412,5260200,0.0,0.0
2021-12-01,48.813,49.018,46.551,46.577,1750500,0.0,0.0
2021-12-02,46.816,48.693,46.79,48.344,1943200,0.0,0.0
2021-12-03,48.506,48.804,47.635,48.198,2552400,0.0,0.0
2021-12-06,48.497,49.649,48.497,49.043,1789000,0.0,0.0
2021-12-07,49.376,50.724,49.146,50.332,4693200,0.0,0.0
2021-12-08,50.119,50.477,49.649,50.426,2292900,0.0,0.0
2021-12-09,50.426,50.69,49.726,49.76,1985300,0.0,0.0
2021-12-10,49.974,49.974,49.41,49.82,1378100,0.0,0.0
2021-12-13,49.88,51.023,49.675,50.648,1623500,0.0,0.0
2021-12-14,50.648,50.844,49.589,49.999,2806100,0.0,0.0
2021-12-15,50.102,51.16,50.102,50.878,1893000,0.0,0.0
2021-12-16,50.835,51.023,49.572,50.084,1788100,0.0,0.0
2021-12-17,50.153,50.375,49.06,49.461,6163500,0.0,0.0
2021-12-20,48.941,49.513,48.753,49.231,1288600,0.0,0.0
2021-12-21,49.538,49.974,49.325,49.683,968000,0.0,0.0
2021-12-22,49.615,50.298,49.538,50.187,879300,0.0,0.0
2021-12-23,50.332,50.537,49.743,50.076,803400,0.0,0.0
2021-12-27,50.204,50.724,49.974,50.716,1031000,0.0,0.0
2021-12-28,50.614,51.04,50.537,50.724,1671500,0.0,0.0
2021-12-29,50.887,51.185,50.323,51.049,1273000,0.0,0.0
2021-12-30,50.895,51.364,50.579,51.1,1250100,0.0,0.0
2021-12-31,51.117,51.561,51.032,51.194,930200,0.0,0.0
2022-01-03,51.237,51.347,50.17,51.117,1340700,0.0,0.0
2022-01-04,51.202,52.107,51.194,51.877,1530500,0.0,0.0
2022-01-05,51.766,52.022,50.468,50.528,1525600,0.0,0.0
2022-01-06,50.682,51.023,50.323,50.545,1277800,0.0,0.0
2022-01-07,50.359,50.625,49.861,49.981,1638200,0.363,0.0
2022-01-10,49.655,50.23,49.509,49.809,1384800,0.0,0.0
2022-01-11,49.887,50.136,49.303,50.007,1462600,0.0,0.0
2022-01-12,49.878,50.797,49.878,50.582,1274800,0.0,0.0
2022-01-13,50.797,51.166,50.548,50.642,996100,0.0,0.0
2022-01-14,50.565,50.574,49.784,50.299,876100,0.0,0.0
2022-01-18,50.187,50.496,49.535,50.161,1689500,0.0,0.0
2022-01-19,50.625,50.685,49.311,49.337,948100,0.0,0.0
2022-01-20,49.586,49.887,48.642,48.676,986800,0.0,0.0
2022-01-21,48.822,49.251,48.298,48.367,1329300,0.0,0.0
2022-01-24,48.195,48.427,46.641,48.247,1412100,0.0,0.0
2022-01-25,47.628,48.479,47.036,48.084,1309300,0.0,0.0
2022-01-26,48.084,49.045,47.5,47.817,1011600,0.0,0.0
2022-01-27,48.298,48.582,46.864,46.89,1500400,0.0,0.0
2022-01-28,46.976,48.436,46.349,48.427,1517900,0.0,0.0
2022-01-31,48.212,48.865,47.895,48.805,1626100,0.0,0.0
2022-02-01,48.616,48.951,48.092,48.384,1088300,0.0,0.0
2022-02-02,48.333,49.844,48.272,49.766,1759600,0.0,0.0
2022-02-03,49.586,49.955,49.208,49.397,1432300,0.0,0.0
2022-02-04,48.977,49.483,48.307,48.942,1063300,0.0,0.0
2022-02-07,48.891,49.123,48.161,48.358,1828200,0.0,0.0
2022-02-08,48.436,48.556,47.646,47.826,1320300,0.0,0.0
2022-02-09,48.908,49.183,48.427,48.951,2529800,0.0,0.0
2022-02-10,48.178,49.123,47.045,47.311,2970500,0.0,0.0
2022-02-11,47.388,48.015,46.71,47.448,2263500,0.0,0.0
2022-02-14,47.56,48.015,46.727,46.89,1955900,0.0,0.0
2022-02-15,47.096,47.551,46.753,47.019,1418700,0.0,0.0
2022-02-16,47.07,47.371,46.607,47.285,1376700,0.0,0.0
2022-02-17,47.156,47.259,46.332,46.564,1528700,0.0,0.0
2022-02-18,46.564,47.199,46.495,46.572,3814600,0.0,0.0
2022-02-22,46.796,47.199,46.375,46.864,2172100,0.0,0.0
2022-02-23,47.105,47.5,46.203,46.237,1257000,0.0,0.0
2022-02-24,45.645,46.821,45.224,46.641,1357500,0.0,0.0
2022-02-25,46.976,48.135,46.736,48.118,1624600,0.0,0.0
2022-02-28,47.44,48.118,46.77,47.113,3119200,0.0,0.0
2022-03-01,47.234,47.517,46.229,46.632,1960900,0.0,0.0
2022-03-02,47.216,48.169,47.096,47.903,1496100,0.0,0.0
2022-03-03,48.092,48.496,47.809,48.324,1049700,0.0,0.0
2022-03-04,47.938,49.921,47.843,49.844,1660700,0.0,0.0
2022-03-07,49.844,50.565,49.44,49.457,1364400,0.0,0.0
2022-03-08,49.406,49.578,48.461,48.582,1408500,0.0,0.0
2022-03-09,49.208,49.878,49.062,49.174,1346800,0.0,0.0
2022-03-10,48.676,49.26,48.573,49.2,942100,0.0,0.0
2022-03-11,49.552,49.689,48.393,48.633,1354500,0.0,0.0
2022-03-14,48.874,49.054,47.757,48.101,1654900,0.0,0.0
2022-03-15,48.951,49.148,48.238,48.856,1646200,0.0,0.0
2022-03-16,48.874,49.56,47.877,48.942,2073800,0.0,0.0
2022-03-17,48.831,49.595,48.633,49.346,1581500,0.0,0.0
2022-03-18,49.38,49.766,48.659,49.131,5202600,0.0,0.0
2022-03-21,49.165,49.466,48.582,48.745,1768800,0.0,0.0
2022-03-22,49.019,49.294,48.195,48.298,1906600,0.0,0.0
2022-03-23,48.23,48.436,47.783,47.877,2321500,0.0,0.0
2022-03-24,47.86,48.599,47.8,48.564,1658400,0.0,0.0
2022-03-25,48.822,49.414,48.633,49.286,2106400,0.0,0.0
2022-03-28,49.38,49.87,49.234,49.535,1340800,0.0,0.0
2022-03-29,50.033,51.252,49.895,51.106,2154500,0.0,0.0
2022-03-30,49.672,49.947,49.423,49.818,4439800,0.0,0.0
2022-03-31,50.084,50.307,49.251,49.26,2572700,0.0,0.0
2022-04-01,49.517,50.668,49.329,50.642,2195900,0.0,0.0
2022-04-04,50.745,50.9,49.475,49.852,1326400,0.0,0.0
2022-04-05,49.766,50.823,49.689,49.938,1308400,0.0,0.0
2022-04-06,50.041,51.235,49.535,51.149,1419400,0.0,0.0
2022-04-07,50.823,51.089,50.307,50.763,2060700,0.0,0.0
2022-04-08,50.918,51.108,50.546,50.763,2061000,0.38,0.0
2022-04-11,50.763,50.987,49.544,49.691,2180700,0.0,0.0
2022-04-12,49.639,50.279,49.38,49.829,1057700,0.0,0.0
2022-04-13,49.821,50.244,49.639,49.864,1008200,0.0,0.0
2022-04-14,50.054,50.322,49.717,49.76,1085700,0.0,0.0
2022-04-18,49.7,50.037,49.0,49.371,1822800,0.0,0.0
2022-04-19,49.743,50.339,49.743,50.123,889600,0.0,0.0
2022-04-20,50.227,51.307,50.201,51.039,2426800,0.0,0.0
2022-04-21,51.298,51.86,51.091,51.376,1278200,0.0,0.0
2022-04-22,51.281,51.307,50.287,50.339,1117000,0.0,0.0
2022-04-25,50.279,50.503,49.06,49.95,1570600,0.0,0.0
2022-04-26,49.855,50.166,49.103,49.103,1717600,0.0,0.0
2022-04-27,48.965,49.622,48.239,48.36,2435000,0.0,0.0
2022-04-28,48.403,48.853,47.781,48.55,1252800,0.0,0.0
2022-04-29,48.17,48.455,45.776,45.984,2958300,0.0,0.0
2022-05-02,46.234,46.493,43.711,44.73,1768500,0.0,0.0
2022-05-03,44.955,45.301,44.445,44.791,1616700,0.0,0.0
2022-05-04,44.774,45.042,43.521,44.99,1117500,0.0,0.0
2022-05-05,44.877,45.119,43.382,43.737,1578100,0.0,0.0
2022-05-06,43.365,43.581,42.648,43.253,1599200,0.0,0.0
2022-05-09,42.864,42.924,41.066,41.213,1741500,0.0,0.0
2022-05-10,41.689,41.827,40.021,40.219,2173700,0.0,0.0
2022-05-11,40.401,41.645,40.237,40.997,1939200,0.0,0.0
2022-05-12,41.058,41.542,40.963,41.429,2244500,0.0,0.0
2022-05-13,41.827,42.207,41.196,42.155,1283600,0.0,0.0
2022-05-16,42.242,42.484,41.611,41.671,1635000,0.0,0.0
2022-05-17,42.155,42.155,41.386,41.965,2412900,0.0,0.0
2022-05-18,41.905,42.138,40.142,40.392,2260600,0.0,0.0
2022-05-19,40.081,40.444,39.753,39.995,1526000,0.0,0.0
2022-05-20,40.34,40.487,39.727,40.254,2081800,0.0,0.0
2022-05-23,40.66,41.36,40.038,41.3,1829300,0.0,0.0
2022-05-24,41.265,41.377,40.297,41.308,1644200,0.0,0.0
2022-05-25,41.092,41.36,40.66,41.187,1608500,0.0,0.0
2022-05-26,41.55,41.844,41.101,41.127,1509200,0.0,0.0
2022-05-27,41.351,42.155,41.144,41.991,2442400,0.0,0.0
2022-05-31,41.568,41.689,40.98,41.308,3582800,0.0,0.0
2022-06-01,41.386,41.645,40.617,41.412,2393400,0.0,0.0
2022-06-02,41.481,41.853,40.729,41.481,2803900,0.0,0.0
2022-06-03,41.274,41.663,40.954,41.308,2398000,0.0,0.0
2022-06-06,41.55,41.55,40.047,40.107,1687900,0.0,0.0
2022-06-07,40.012,40.971,39.891,40.885,2078500,0.0,0.0
2022-06-08,40.617,40.755,39.917,40.055,1941500,0.0,0.0
2022-06-09,39.917,40.159,39.018,39.07,1854800,0.0,0.0
2022-06-10,38.647,39.027,38.128,38.681,3138500,0.0,0.0
2022-06-13,37.964,38.137,36.434,36.65,2766200,0.0,0.0
2022-06-14,36.763,37.117,36.305,36.573,2104600,0.0,0.0
2022-06-15,36.875,37.782,36.564,37.108,3047500,0.0,0.0
2022-06-16,36.348,37.203,36.296,36.961,2373200,0.0,0.0
2022-06-17,37.143,37.972,37.108,37.618,4280100,0.0,0.0
2022-06-21,37.852,38.871,37.765,38.111,2764700,0.0,0.0
2022-06-22,37.791,39.01,37.739,38.439,2079900,0.0,0.0
2022-06-23,38.94,39.632,38.698,39.493,2449600,0.0,0.0
2022-06-24,39.666,39.977,39.468,39.882,3293300,0.0,0.0
2022-06-27,39.701,40.885,39.606,40.34,1472700,0.0,0.0
2022-06-28,40.556,40.919,39.874,39.969,2127200,0.0,0.0
2022-06-29,39.718,40.081,39.545,40.003,1425100,0.0,0.0
2022-06-30,39.684,40.427,39.303,39.787,2048300,0.0,0.0
2022-07-01,39.727,40.306,39.424,40.15,1605400,0.0,0.0
2022-07-05,39.908,39.943,38.716,39.589,2305200,0.0,0.0
2022-07-06,39.805,40.211,39.442,39.597,1538100,0.0,0.0
2022-07-07,39.701,40.09,39.312,39.442,1543200,0.0,0.0
2022-07-08,39.381,39.424,38.962,39.049,2038500,0.38,0.0
2022-07-11,38.901,39.206,38.631,38.805,2442200,0.0,0.0
2022-07-12,38.474,39.442,38.474,39.067,1285200,0.0,0.0
2022-07-13,38.71,38.901,38.056,38.675,1804900,0.0,0.0
2022-07-14,37.995,38.561,37.943,38.361,1765400,0.0,0.0
2022-07-15,38.997,39.45,38.553,38.893,2586200,0.0,0.0
2022-07-18,39.076,39.267,38.596,38.866,1522900,0.0,0.0
2022-07-19,39.206,39.729,38.797,39.59,1360100,0.0,0.0
2022-07-20,39.546,40.034,39.363,39.581,1100400,0.0,0.0
2022-07-21,39.572,39.851,39.328,39.816,1108300,0.0,0.0
2022-07-22,40.261,40.784,39.991,40.235,2287300,0.0,0.0
2022-07-25,40.191,40.583,39.982,40.139,2715500,0.0,0.0
2022-07-26,40.182,40.461,40.06,40.217,1604100,0.0,0.0
2022-07-27,39.694,40.967,39.694,40.522,2822800,0.0,0.0
2022-07-28,40.766,42.073,40.749,42.056,2304900,0.0,0.0
2022-07-29,42.178,42.605,41.821,42.178,2132200,0.0,0.0
2022-08-01,41.951,42.204,41.08,41.158,2684900,0.0,0.0
2022-08-02,41.054,41.376,40.278,40.391,3125600,0.0,0.0
2022-08-03,40.775,41.324,40.147,40.235,2145600,0.0,0.0
2022-08-04,40.261,40.688,39.991,40.662,1857300,0.0,0.0
2022-08-05,40.505,40.801,40.165,40.749,1473600,0.0,0.0
2022-08-08,41.15,41.551,40.862,41.054,1549300,0.0,0.0
2022-08-09,41.237,41.847,41.063,41.821,1373400,0.0,0.0
2022-08-10,42.326,42.901,42.117,42.858,1884200,0.0,0.0
2022-08-11,43.067,43.564,42.753,42.866,2260000,0.0,0.0
2022-08-12,43.11,43.72,43.102,43.686,1393600,0.0,0.0
2022-08-15,43.694,43.799,43.293,43.598,1010800,0.0,0.0
2022-08-16,43.372,44.139,43.372,43.912,1188000,0.0,0.0
2022-08-17,43.529,44.008,43.337,43.834,1130400,0.0,0.0
2022-08-18,43.834,43.886,42.675,43.058,1797700,0.0,0.0
2022-08-19,42.814,43.032,42.344,42.553,1842300,0.0,0.0
2022-08-22,42.309,42.352,41.533,41.603,1093800,0.0,0.0
2022-08-23,41.516,41.646,40.4,40.653,1356400,0.0,0.0
2022-08-24,40.566,41.28,40.566,41.132,1217100,0.0,0.0
2022-08-25,41.376,41.612,41.167,41.551,1527000,0.0,0.0
2022-08-26,41.62,41.638,40.365,40.4,1602700,0.0,0.0
2022-08-29,40.174,40.174,39.633,39.651,1888300,0.0,0.0
2022-08-30,39.755,39.86,38.971,39.093,1050500,0.0,0.0
2022-08-31,39.494,39.581,39.006,39.102,2735400,0.0,0.0
2022-09-01,38.866,39.694,38.492,39.677,2319000,0.0,0.0
2022-09-02,39.964,40.287,39.398,39.494,3004000,0.0,0.0
2022-09-06,39.738,40.33,39.511,40.156,2001500,0.0,0.0
2022-09-07,40.243,40.88,40.017,40.871,1897500,0.0,0.0
2022-09-08,40.609,41.193,40.583,41.097,1520800,0.0,0.0
2022-09-09,41.185,42.039,41.002,41.812,2049200,0.0,0.0
2022-09-12,41.96,42.117,41.585,41.655,1452900,0.0,0.0
2022-09-13,40.958,41.124,40.034,40.235,1752300,0.0,0.0
2022-09-14,40.06,40.191,39.389,39.799,2004500,0.0,0.0
2022-09-15,39.956,39.973,39.058,39.11,1384400,0.0,0.0
2022-09-16,39.119,39.119,38.422,38.901,5223800,0.0,0.0
2022-09-19,38.239,38.448,37.455,38.126,2686800,0.0,0.0
2022-09-20,37.69,37.899,36.679,36.862,3352500,0.0,0.0
2022-09-21,37.132,37.429,36.583,36.601,2651000,0.0,0.0
2022-09-22,36.522,36.853,36.069,36.609,3113800,0.0,0.0
2022-09-23,36.409,37.446,36.296,36.923,3170700,0.0,0.0
2022-09-26,36.88,36.88,35.25,35.642,2423000,0.0,0.0
2022-09-27,35.869,36.209,35.224,35.337,3750400,0.0,0.0
2022-09-28,35.79,36.566,35.259,36.339,3539100,0.0,0.0
2022-09-29,35.973,36.383,35.389,35.799,3333100,0.0,0.0
2022-09-30,36.235,36.609,35.808,36.348,2668800,0.0,0.0
2022-10-03,36.967,37.158,36.296,36.74,2291800,0.0,0.0
2022-10-04,36.923,37.359,36.514,36.941,2593300,0.0,0.0
2022-10-05,36.383,36.566,35.224,35.799,2399800,0.0,0.0
2022-10-06,35.773,35.86,34.657,34.675,2808300,0.0,0.0
2022-10-07,34.376,34.648,33.329,33.469,2542900,0.38,0.0
2022-10-10,33.628,33.953,33.241,33.293,2419000,0.0,0.0
2022-10-11,33.267,33.989,32.977,33.927,2506800,0.0,0.0
2022-10-12,33.936,33.936,33.197,33.575,1660200,0.0,0.0
2022-10-13,32.986,34.446,32.748,34.349,2797300,0.0,0.0
2022-10-14,34.807,34.824,33.073,33.126,2981700,0.0,0.0
2022-10-17,33.716,34.789,33.61,34.666,3072100,0.0,0.0
2022-10-18,35.212,35.678,34.886,35.185,2750200,0.0,0.0
2022-10-19,34.648,34.824,33.901,34.191,2464500,0.0,0.0
2022-10-20,34.332,34.772,34.033,34.217,2590200,0.0,0.0
2022-10-21,34.305,34.684,33.821,34.49,2383000,0.0,0.0
2022-10-24,34.789,34.895,33.971,34.332,2563100,0.0,0.0
2022-10-25,34.516,35.713,34.49,35.695,1686100,0.0,0.0
2022-10-26,35.475,35.792,34.402,34.78,3387200,0.0,0.0
2022-10-27,35.203,35.775,34.49,34.552,3173200,0.0,0.0
2022-10-28,34.296,34.983,33.865,34.824,2456200,0.0,0.0
2022-10-31,34.631,35.273,34.604,34.983,2526200,0.0,0.0
2022-11-01,35.317,35.475,34.895,35.053,1912800,0.0,0.0
2022-11-02,34.912,35.528,34.173,34.173,1703500,0.0,0.0
2022-11-03,33.751,34.314,33.17,33.945,1656200,0.0,0.0
2022-11-04,34.2,34.49,33.126,33.821,3006800,0.0,0.0
2022-11-07,33.865,34.094,33.038,33.249,3038000,0.0,0.0
2022-11-08,33.425,33.452,32.889,33.091,2163600,0.0,0.0
2022-11-09,32.88,33.346,32.713,33.047,2468000,0.0,0.0
2022-11-10,34.288,35.836,34.2,35.801,3709400,0.0,0.0
2022-11-11,35.907,36.012,35.062,35.291,2165100,0.0,0.0
2022-11-14,35.106,35.484,34.596,34.613,2507600,0.0,0.0
2022-11-15,35.15,35.238,34.508,34.992,2048400,0.0,0.0
2022-11-16,35.053,35.414,34.745,34.886,2643900,0.0,0.0
2022-11-17,34.464,34.78,34.252,34.71,1826800,0.0,0.0
2022-11-18,35.229,35.502,34.93,35.37,4630400,0.0,0.0
2022-11-21,35.264,35.678,34.939,35.467,1520800,0.0,0.0
2022-11-22,35.599,35.748,35.317,35.563,1515100,0.0,0.0
2022-11-23,35.519,35.871,35.15,35.3,1325100,0.0,0.0
2022-11-25,35.414,35.854,35.379,35.836,889400,0.0,0.0
2022-11-28,35.66,35.942,35.097,35.124,2965700,0.0,0.0
2022-11-29,35.282,35.88,34.939,35.854,1636500,0.0,0.0
2022-11-30,35.616,36.505,35.326,36.487,3052500,0.0,0.0
2022-12-01,36.786,37.077,35.581,35.968,2192200,0.0,0.0
2022-12-02,35.871,36.215,35.563,36.074,2053400,0.0,0.0
2022-12-05,35.845,35.968,35.37,35.414,1469700,0.0,0.0
2022-12-06,35.59,35.59,34.622,34.798,1237800,0.0,0.0
2022-12-07,34.604,35.229,34.56,34.675,2072400,0.0,0.0
2022-12-08,34.78,35.643,34.754,35.326,1964600,0.0,0.0
2022-12-09,35.282,35.537,35.062,35.097,1432400,0.0,0.0
2022-12-12,35.106,35.511,34.569,35.458,2838800,0.0,0.0
2022-12-13,36.496,36.646,35.423,35.977,2996700,0.0,0.0
2022-12-14,35.977,36.566,35.519,35.704,3443600,0.0,0.0
2022-12-15,35.229,35.678,35.062,35.519,3390000,0.0,0.0
2022-12-16,35.088,35.124,34.024,34.42,6652400,0.0,0.0
2022-12-19,34.296,34.305,33.443,33.83,1903600,0.0,0.0
2022-12-20,33.575,33.672,33.232,33.443,1958700,0.0,0.0
2022-12-21,33.795,34.077,33.469,33.672,1931800,0.0,0.0
2022-12-22,33.425,33.962,33.249,33.804,2164700,0.0,0.0
2022-12-23,33.663,34.121,33.513,34.094,1158000,0.0,0.0
2022-12-27,34.165,34.27,33.663,33.892,1712800,0.0,0.0
2022-12-28,33.971,34.147,33.346,33.381,1660100,0.0,0.0
2022-12-29,33.619,34.288,33.425,34.235,1170500,0.0,0.0
2022-12-30,34.068,34.2,33.663,34.077,1337400,0.0,0.0
2023-01-03,34.279,34.569,33.575,33.953,1780900,0.0,0.0
2023-01-04,34.261,34.842,34.112,34.534,5832900,0.0,0.0
2023-01-05,34.2,34.288,33.056,33.109,2518300,0.0,0.0
2023-01-06,33.144,34.46,33.109,34.397,2282100,0.38,0.0
2023-01-09,34.317,34.842,34.14,34.193,3352700,0.0,0.0
2023-01-10,34.042,34.433,34.042,34.3,1185100,0.0,0.0
2023-01-11,34.637,35.828,34.54,35.793,1730000,0.0,0.0
2023-01-12,36.015,36.184,35.571,35.962,1411900,0.0,0.0
2023-01-13,35.544,36.051,35.411,35.686,1271700,0.0,0.0
2023-01-17,35.855,36.317,35.668,35.971,2851700,0.0,0.0
2023-01-18,36.086,36.122,35.455,35.553,2542500,0.0,0.0
2023-01-19,35.446,35.997,35.18,35.206,2227200,0.0,0.0
2023-01-20,35.224,35.535,34.806,35.535,2576400,0.0,0.0
2023-01-23,35.606,35.802,35.313,35.491,1507000,0.0,0.0
2023-01-24,35.58,36.264,35.02,36.113,1502300,0.0,0.0
2023-01-25,35.953,36.211,35.793,36.086,1508400,0.0,0.0
2023-01-26,36.273,36.851,36.237,36.468,1800400,0.0,0.0
2023-01-27,36.442,37.615,36.38,37.304,2812100,0.0,0.0
2023-01-30,37.037,37.411,36.753,36.762,2012700,0.0,0.0
2023-01-31,36.771,37.891,36.717,37.855,6169000,0.0,0.0
2023-02-01,37.659,38.264,37.197,38.068,2273100,0.0,0.0
2023-02-02,38.513,39.89,38.513,39.473,2669200,0.0,0.0
2023-02-03,38.726,38.859,38.042,38.557,1891200,0.0,0.0
2023-02-06,38.131,38.202,37.757,37.944,2318500,0.0,0.0
2023-02-07,37.837,39.437,37.615,38.993,3469800,0.0,0.0
2023-02-08,38.859,39.882,38.708,39.784,3300900,0.0,0.0
2023-02-09,39.828,40.193,38.948,39.037,3914300,0.0,0.0
2023-02-10,38.895,39.25,38.628,39.188,3414600,0.0,0.0
2023-02-13,39.197,39.695,39.099,39.517,2633700,0.0,0.0
2023-02-14,39.384,40.042,39.188,39.686,4791500,0.0,0.0
2023-02-15,39.402,40.033,39.304,40.015,2248700,0.0,0.0
2023-02-16,39.366,40.406,39.277,39.97,2697000,0.0,0.0
2023-02-17,39.979,40.184,39.259,39.775,2255100,0.0,0.0
2023-02-21,39.508,39.65,38.744,38.975,1674300,0.0,0.0
2023-02-22,39.002,39.499,38.922,39.179,2293900,0.0,0.0
2023-02-23,39.375,39.633,38.93,39.286,1519700,0.0,0.0
2023-02-24,38.895,39.028,38.442,38.779,1900500,0.0,0.0
2023-02-27,39.322,39.322,37.908,38.273,1941700,0.0,0.0
2023-02-28,38.273,38.717,37.962,38.077,2757600,0.0,0.0
2023-03-01,38.104,38.104,36.655,37.02,2277200,0.0,0.0
2023-03-02,36.78,37.437,36.7,37.428,6700800,0.0,0.0
2023-03-03,37.748,38.451,37.659,38.202,1869200,0.0,0.0
2023-03-06,38.433,38.682,38.051,38.113,1843800,0.0,0.0
2023-03-07,38.157,38.264,37.126,37.171,1572000,0.0,0.0
2023-03-08,37.1,37.739,37.011,37.411,1880100,0.0,0.0
2023-03-09,37.508,37.606,36.557,36.664,2019400,0.0,0.0
2023-03-10,36.762,36.868,35.029,35.482,3254500,0.0,0.0
2023-03-13,35.34,36.317,35.18,35.784,2116600,0.0,0.0
2023-03-14,36.335,36.682,35.722,36.122,2368300,0.0,0.0
2023-03-15,35.802,36.326,35.473,36.051,3088500,0.0,0.0
2023-03-16,35.704,35.811,34.895,35.509,2717500,0.0,0.0
2023-03-17,35.5,35.526,34.566,34.584,4633300,0.0,0.0
2023-03-20,34.709,35.162,34.335,35.02,1972100,0.0,0.0
2023-03-21,35.197,35.384,34.549,34.869,3346500,0.0,0.0
2023-03-22,34.54,34.904,33.855,33.935,3064900,0.0,0.0
2023-03-23,33.962,34.406,33.491,33.633,1980700,0.0,0.0
2023-03-24,33.553,34.406,33.491,34.397,2324400,0.0,0.0
2023-03-27,34.655,34.797,34.166,34.22,1445900,0.0,0.0
2023-03-28,33.846,34.282,33.74,34.104,1641300,0.0,0.0
2023-03-29,34.611,35.082,34.531,35.011,1724500,0.0,0.0
2023-03-30,35.437,35.802,35.34,35.446,2028400,0.0,0.0
2023-03-31,35.713,36.522,35.615,36.495,3070300,0.0,0.0
2023-04-03,36.433,36.984,36.077,36.362,1881800,0.0,0.0
2023-04-04,36.362,36.477,35.766,36.246,1643700,0.0,0.0
2023-04-05,36.095,36.468,35.997,36.051,1987200,0.0,0.0
2023-04-06,36.275,36.554,35.916,36.536,2296700,0.42,0.0
2023-04-10,36.248,36.563,35.979,36.545,1241000,0.0,0.0
2023-04-11,36.473,36.922,36.338,36.599,1821000,0.0,0.0
2023-04-12,36.994,37.057,36.239,36.293,1490400,0.0,0.0
2023-04-13,36.266,36.401,35.826,36.105,1709100,0.0,0.0
2023-04-14,36.293,36.365,35.53,36.123,3130800,0.0,0.0
2023-04-17,36.149,37.084,36.069,37.066,2621600,0.0,0.0
2023-04-18,36.985,37.173,36.697,37.003,2047200,0.0,0.0
2023-04-19,36.76,37.551,36.688,37.389,3098300,0.0,0.0
2023-04-20,37.362,37.416,37.003,37.389,3708900,0.0,0.0
2023-04-21,37.524,37.586,36.94,37.299,4672300,0.0,0.0
2023-04-24,37.434,37.497,36.805,36.967,2627100,0.0,0.0
2023-04-25,36.805,36.949,36.59,36.697,1991500,0.0,0.0
2023-04-26,36.608,37.084,36.302,36.437,2542200,0.0,0.0
2023-04-27,35.925,37.048,35.557,36.904,2824300,0.0,0.0
2023-04-28,37.048,37.577,36.823,37.119,2770500,0.0,0.0
2023-05-01,37.137,37.658,36.904,37.021,2049200,0.0,0.0
2023-05-02,36.778,36.949,35.251,36.087,3111000,0.0,0.0
2023-05-03,36.248,36.715,35.826,36.096,2126700,0.0,0.0
2023-05-04,36.024,36.464,35.772,36.158,1543100,0.0,0.0
2023-05-05,36.356,37.2,36.123,37.119,2407100,0.0,0.0
2023-05-08,37.093,37.335,36.913,37.066,1172000,0.0,0.0
2023-05-09,36.778,36.832,36.194,36.599,1245500,0.0,0.0
2023-05-10,36.877,37.155,36.625,36.967,1545800,0.0,0.0
2023-05-11,36.643,37.164,36.509,37.137,2044900,0.0,0.0
2023-05-12,37.155,37.209,36.688,37.164,1850500,0.0,0.0
2023-05-15,37.128,37.146,36.661,37.048,2381300,0.0,0.0
2023-05-16,37.075,37.101,36.266,36.266,1972700,0.0,0.0
2023-05-17,36.374,36.5,35.997,36.41,1952100,0.0,0.0
2023-05-18,36.284,36.491,35.808,36.132,2109800,0.0,0.0
2023-05-19,36.419,36.715,36.042,36.23,1433400,0.0,0.0
2023-05-22,36.176,36.724,35.853,36.509,1572300,0.0,0.0
2023-05-23,36.473,36.769,36.132,36.14,1923800,0.0,0.0
2023-05-24,36.078,36.078,35.377,35.422,1802300,0.0,0.0
2023-05-25,35.413,35.584,34.695,35.027,2321300,0.0,0.0
2023-05-26,34.91,35.323,34.461,35.233,1913700,0.0,0.0
2023-05-30,35.404,35.611,35.081,35.206,2163400,0.0,0.0
2023-05-31,35.251,35.673,35.027,35.629,5176200,0.0,0.0
2023-06-01,35.638,36.114,35.099,36.006,1883900,0.0,0.0
2023-06-02,36.419,37.263,36.419,36.967,2390900,0.0,0.0
2023-06-05,36.823,37.308,36.769,36.994,1455100,0.0,0.0
2023-06-06,37.245,37.353,36.841,37.299,1448400,0.0,0.0
2023-06-07,37.488,38.089,37.155,37.937,1321800,0.0,0.0
2023-06-08,37.73,37.982,37.2,37.802,1677500,0.0,0.0
2023-06-09,37.982,38.359,37.847,38.215,1852700,0.0,0.0
2023-06-12,38.152,38.35,37.928,38.152,2096700,0.0,0.0
2023-06-13,37.892,38.422,37.757,38.278,3136000,0.0,0.0
2023-06-14,38.44,38.871,38.296,38.718,3406500,0.0,0.0
2023-06-15,38.727,38.799,38.314,38.646,1890500,0.0,0.0
2023-06-16,38.853,39.212,38.772,38.997,3779900,0.0,0.0
2023-06-20,38.997,38.997,38.404,38.521,2254000,0.0,0.0
2023-06-21,38.251,38.404,37.91,38.125,1703000,0.0,0.0
2023-06-22,38.188,38.233,36.742,37.012,1858000,0.0,0.0
2023-06-23,36.904,36.976,35.979,36.132,3926500,0.0,0.0
2023-06-26,36.006,37.344,36.006,37.263,1776700,0.0,0.0
2023-06-27,37.38,38.045,37.227,37.91,1916800,0.0,0.0
2023-06-28,37.82,38.233,37.506,37.883,2376900,0.0,0.0
2023-06-29,37.757,38.53,37.569,38.512,1900400,0.0,0.0
2023-06-30,38.925,39.095,38.036,38.583,2999300,0.0,0.0
2023-07-03,38.341,39.392,38.341,39.212,899200,0.0,0.0
2023-07-05,39.041,39.446,38.619,38.97,1729800,0.0,0.0
2023-07-06,38.422,39.05,37.712,38.934,1639100,0.0,0.0
2023-07-07,38.816,38.897,38.444,38.68,2176800,0.42,0.0
2023-07-10,38.544,38.798,38.281,38.734,1680000,0.0,0.0
2023-07-11,38.906,39.315,38.68,39.287,2195500,0.0,0.0
2023-07-12,39.532,39.922,39.169,39.169,1915500,0.0,0.0
2023-07-13,39.16,39.387,38.997,39.378,1392300,0.0,0.0
2023-07-14,39.206,39.414,39.024,39.333,1195600,0.0,0.0
2023-07-17,39.333,39.396,38.789,38.852,1386500,0.0,0.0
2023-07-18,38.852,38.879,38.29,38.462,1872300,0.0,0.0
2023-07-19,38.852,38.97,38.435,38.779,1559100,0.0,0.0
2023-07-20,38.807,39.07,38.362,39.07,1804800,0.0,0.0
2023-07-21,39.052,39.55,39.052,39.242,1925200,0.0,0.0
2023-07-24,39.36,39.605,39.124,39.206,1530300,0.0,0.0
2023-07-25,39.015,39.188,38.281,38.317,2135300,0.0,0.0
2023-07-26,38.326,38.77,38.108,38.553,1997600,0.0,0.0
2023-07-27,38.09,38.58,36.558,36.83,3656600,0.0,0.0
2023-07-28,37.192,37.238,36.331,36.494,2360000,0.0,0.0
2023-07-31,36.585,37.256,36.521,37.074,3209800,0.0,0.0
2023-08-01,36.848,37.211,36.639,36.73,2198400,0.0,0.0
2023-08-02,36.449,36.957,36.449,36.703,2319000,0.0,0.0
2023-08-03,36.594,36.63,35.741,36.503,2631300,0.0,0.0
2023-08-04,36.53,37.102,36.249,36.304,2255900,0.0,0.0
2023-08-07,36.449,36.694,36.149,36.63,2112200,0.0,0.0
2023-08-08,36.385,36.458,35.778,35.995,2332100,0.0,0.0
2023-08-09,35.823,35.977,35.506,35.741,2040700,0.0,0.0
2023-08-10,35.896,36.558,35.678,35.778,2611400,0.0,0.0
2023-08-11,35.714,36.077,35.642,35.995,1969200,0.0,0.0
2023-08-14,35.932,35.959,35.188,35.397,2369700,0.0,0.0
2023-08-15,35.043,35.197,34.68,34.798,2142000,0.0,0.0
2023-08-16,34.717,34.853,34.381,34.644,2716200,0.0,0.0
2023-08-17,34.662,35.288,34.662,34.871,2143300,0.0,0.0
2023-08-18,34.608,35.097,34.608,34.834,1893600,0.0,0.0
2023-08-21,34.717,34.771,34.227,34.544,1753900,0.0,0.0
2023-08-22,34.771,34.916,34.526,34.626,1423300,0.0,0.0
2023-08-23,34.834,35.243,34.653,35.224,1350700,0.0,0.0
2023-08-24,35.252,35.796,35.107,35.116,2266000,0.0,0.0
2023-08-25,35.27,35.823,35.243,35.524,2683900,0.0,0.0
2023-08-28,35.714,36.104,35.714,35.787,1253700,0.0,0.0
2023-08-29,35.859,36.077,35.633,36.059,1493900,0.0,0.0
2023-08-30,36.403,36.694,36.213,36.512,2248500,0.0,0.0
2023-08-31,36.585,36.585,36.149,36.186,3154300,0.0,0.0
2023-09-01,36.34,36.449,35.914,36.032,1979400,0.0,0.0
2023-09-05,36.022,36.267,35.732,35.75,2026500,0.0,0.0
2023-09-06,35.669,35.759,35.261,35.433,1437000,0.0,0.0
2023-09-07,35.342,35.769,35.161,35.478,1859600,0.0,0.0
2023-09-08,35.605,35.633,34.88,35.061,2137400,0.0,0.0
2023-09-11,35.088,35.161,34.68,34.943,1305700,0.0,0.0
2023-09-12,34.825,35.188,34.454,35.125,2546300,0.0,0.0
2023-09-13,35.243,35.297,34.517,34.662,2011900,0.0,0.0
2023-09-14,34.989,35.252,34.744,34.862,2458100,0.0,0.0
2023-09-15,34.689,34.98,34.481,34.671,5794700,0.0,0.0
2023-09-18,34.717,34.717,34.027,34.408,1825700,0.0,0.0
2023-09-19,34.327,34.517,34.209,34.308,1644900,0.0,0.0
2023-09-20,34.599,34.762,34.363,34.399,1426000,0.0,0.0
2023-09-21,34.209,34.209,33.284,33.284,2443900,0.0,0.0
2023-09-22,33.302,33.374,32.803,32.857,1650000,0.0,0.0
2023-09-25,32.658,32.885,32.549,32.649,1528300,0.0,0.0
2023-09-26,32.268,32.594,32.223,32.386,1695000,0.0,0.0
2023-09-27,32.513,32.73,31.96,32.096,2088100,0.0,0.0
2023-09-28,32.177,32.549,32.077,32.35,1632000,0.0,0.0
2023-09-29,32.812,32.966,32.077,32.35,2829400,0.0,0.0
2023-10-02,32.232,32.395,31.751,31.869,2510200,0.0,0.0
2023-10-03,31.769,31.996,31.424,31.57,1740800,0.0,0.0
2023-10-04,31.805,32.132,31.397,32.077,2138800,0.0,0.0
2023-10-05,32.096,32.413,31.833,32.395,1884800,0.0,0.0
2023-10-06,32.184,33.175,31.908,32.845,2171300,0.42,0.0
2023-10-09,32.56,33.551,32.56,33.514,2241300,0.0,0.0
2023-10-10,33.45,33.872,33.166,33.184,2076400,0.0,0.0
2023-10-11,33.413,33.836,33.349,33.781,1585800,0.0,0.0
2023-10-12,33.661,33.67,33.313,33.423,1489300,0.0,0.0
2023-10-13,33.533,33.661,33.056,33.175,1715800,0.0,0.0
2023-10-16,33.294,33.514,32.826,33.248,1842900,0.0,0.0
2023-10-17,33.046,33.634,33.046,33.423,2168900,0.0,0.0
2023-10-18,33.239,33.34,32.799,32.863,1309500,0.0,0.0
2023-10-19,32.698,33.046,32.276,32.294,3649500,0.0,0.0
2023-10-20,32.551,32.633,31.826,31.844,3203800,0.0,0.0
2023-10-23,31.734,31.973,31.294,31.33,3356100,0.0,0.0
2023-10-24,31.413,31.991,31.349,31.863,2797400,0.0,0.0
2023-10-25,31.642,31.817,31.138,31.193,2212100,0.0,0.0
2023-10-26,31.248,31.468,30.651,30.826,3875000,0.0,0.0
2023-10-27,29.89,30.422,28.651,28.963,7980900,0.0,0.0
2023-10-30,29.256,29.44,28.568,29.018,4785800,0.0,0.0
2023-10-31,28.651,29.477,28.641,29.192,5111800,0.0,0.0
2023-11-01,29.146,29.238,28.403,28.825,4160100,0.0,0.0
2023-11-02,29.385,30.009,29.137,29.605,4030000,0.0,0.0
2023-11-03,30.247,31.018,30.192,30.532,2627000,0.0,0.0
2023-11-06,30.367,30.422,29.596,29.844,2272200,0.0,0.0
2023-11-07,29.834,29.834,29.376,29.477,1906600,0.0,0.0
2023-11-08,29.651,30.082,29.568,30.046,2163200,0.0,0.0
2023-11-09,30.128,30.183,29.339,29.357,2979400,0.0,0.0
2023-11-10,29.605,30.064,29.247,30.064,2657000,0.0,0.0
2023-11-13,29.789,29.871,29.311,29.513,2043800,0.0,0.0
2023-11-14,30.468,31.413,30.312,30.908,3510500,0.0,0.0
2023-11-15,30.826,31.092,30.504,30.615,2796900,0.0,0.0
2023-11-16,30.734,30.816,30.257,30.284,2348500,0.0,0.0
2023-11-17,30.706,30.752,29.899,30.119,3165300,0.0,0.0
2023-11-20,30.064,30.523,29.706,30.514,3790700,0.0,0.0
2023-11-21,30.541,30.734,30.009,30.101,2800000,0.0,0.0
2023-11-22,30.486,30.532,30.238,30.403,2312500,0.0,0.0
2023-11-24,30.367,30.615,30.165,30.605,720700,0.0,0.0
2023-11-27,30.541,30.706,30.367,30.541,2672100,0.0,0.0
2023-11-28,30.403,30.789,30.146,30.697,2964100,0.0,0.0
2023-11-29,31.046,31.321,30.477,30.55,3105700,0.0,0.0
2023-11-30,30.596,30.679,30.302,30.651,4315100,0.0,0.0
2023-12-01,30.706,31.697,30.587,31.569,2270500,0.0,0.0
2023-12-04,31.266,31.808,31.193,31.762,2270700,0.0,0.0
2023-12-05,31.569,31.743,31.193,31.697,3855800,0.0,0.0
2023-12-06,31.817,32.193,31.661,31.817,3010000,0.0,0.0
2023-12-07,31.762,32.294,31.44,32.12,3604600,0.0,0.0
2023-12-08,31.973,32.459,31.835,32.459,4831700,0.0,0.0
2023-12-11,32.257,32.376,31.908,32.101,3668400,0.0,0.0
2023-12-12,32.138,32.624,31.826,32.532,2692800,0.0,0.0
2023-12-13,32.643,34.239,32.532,34.065,3643100,0.0,0.0
2023-12-14,34.79,35.644,34.671,35.194,3890700,0.0,0.0
2023-12-15,34.946,35.038,34.194,34.542,5593800,0.0,0.0
2023-12-18,34.717,34.781,34.368,34.698,3611700,0.0,0.0
2023-12-19,34.836,34.964,34.368,34.524,3160200,0.0,0.0
2023-12-20,34.432,34.625,33.946,33.992,2252900,0.0,0.0
2023-12-21,34.239,34.34,33.836,34.212,2664900,0.0,0.0
2023-12-22,34.414,34.799,34.34,34.551,2838400,0.0,0.0
2023-12-26,34.588,35.01,34.542,34.845,1478700,0.0,0.0
2023-12-27,34.818,35.212,34.698,35.175,1875300,0.0,0.0
2023-12-28,34.974,35.588,34.937,35.579,1939000,0.0,0.0
2023-12-29,35.442,35.634,35.12,35.139,2300100,0.0,0.0
2024-01-02,35.084,35.653,34.873,35.46,2721100,0.0,0.0
2024-01-03,35.148,35.166,34.487,34.561,2475800,0.0,0.0
2024-01-04,34.524,35.038,34.359,34.744,2130300,0.0,0.0
2024-01-05,34.45,34.928,34.249,34.707,2981100,0.0,0.0
2024-01-08,34.643,35.543,34.551,35.414,2676000,0.0,0.0
2024-01-09,35.024,35.553,34.83,35.377,3237100,0.42,0.0
2024-01-10,35.553,35.665,35.349,35.46,2591900,0.0,0.0
2024-01-11,35.191,35.841,34.941,35.72,3404500,0.0,0.0
2024-01-12,36.101,36.277,35.553,35.804,2967600,0.0,0.0
2024-01-16,35.674,35.832,35.405,35.572,3550600,0.0,0.0
2024-01-17,34.978,35.572,34.282,34.783,3032900,0.0,0.0
2024-01-18,34.737,35.015,34.273,34.523,5791800,0.0,0.0
2024-01-19,34.579,35.099,34.366,34.895,3623800,0.0,0.0
2024-01-22,34.959,35.368,34.959,35.108,3655100,0.0,0.0
2024-01-23,35.191,35.368,34.672,34.783,3234000,0.0,0.0
2024-01-24,35.071,35.071,34.032,34.059,3486000,0.0,0.0
2024-01-25,34.403,34.625,33.744,33.892,3229700,0.0,0.0
2024-01-26,33.976,34.106,33.558,34.041,3297000,0.0,0.0
2024-01-29,34.004,34.394,33.837,34.087,2415400,0.0,0.0
2024-01-30,33.772,34.078,33.549,33.846,4547600,0.0,0.0
2024-01-31,34.078,34.282,33.28,33.419,5522900,0.0,0.0
2024-02-01,33.215,33.892,32.826,33.874,3461000,0.0,0.0
2024-02-02,33.568,33.883,32.965,33.688,3557300,0.0,0.0
2024-02-05,33.28,33.28,32.835,32.872,2358700,0.0,0.0
2024-02-06,32.863,33.336,32.779,32.993,3481900,0.0,0.0
2024-02-07,32.798,33.03,31.953,32.77,5196000,0.0,0.0
2024-02-08,32.668,33.011,32.362,32.928,3538500,0.0,0.0
2024-02-09,32.853,33.104,32.714,32.816,3274200,0.0,0.0
2024-02-12,32.872,33.16,32.788,33.002,2352200,0.0,0.0
2024-02-13,32.278,32.343,31.721,32.12,2893900,0.0,0.0
2024-02-14,32.195,32.51,32.111,32.352,3178200,0.0,0.0
2024-02-15,32.64,33.484,32.556,33.447,2712400,0.0,0.0
2024-02-16,33.048,33.651,32.872,33.475,2831200,0.0,0.0
2024-02-20,33.178,33.41,32.974,33.215,2272000,0.0,0.0
2024-02-21,33.262,33.707,33.085,33.679,2890100,0.0,0.0
2024-02-22,33.818,33.818,33.494,33.54,2666600,0.0,0.0
2024-02-23,33.521,33.596,33.252,33.262,1708000,0.0,0.0
2024-02-26,33.122,33.289,32.436,32.492,1782200,0.0,0.0
2024-02-27,32.779,33.085,32.38,32.547,3058000,0.0,0.0
2024-02-28,32.25,33.243,32.25,32.853,2436100,0.0,0.0
2024-02-29,33.178,33.354,32.77,32.937,4277400,0.0,0.0
2024-03-01,32.826,33.364,32.464,33.345,3320600,0.0,0.0
2024-03-04,33.642,34.709,33.623,34.588,3893800,0.0,0.0
2024-03-05,34.477,34.792,34.301,34.477,2998900,0.0,0.0
2024-03-06,34.774,34.802,34.393,34.561,3808300,0.0,0.0
2024-03-07,34.681,35.043,34.57,34.969,2447400,0.0,0.0
2024-03-08,35.284,35.433,35.052,35.349,2665100,0.0,0.0
2024-03-11,35.349,35.516,34.969,35.108,2760200,0.0,0.0
2024-03-12,35.071,35.247,34.31,34.403,3595100,0.0,0.0
2024-03-13,34.347,35.043,34.329,34.7,2528600,0.0,0.0
2024-03-14,34.523,34.588,33.503,34.022,2588400,0.0,0.0
2024-03-15,33.596,34.505,33.596,34.486,3888200,0.0,0.0
2024-03-18,34.505,34.616,34.087,34.152,1752400,0.0,0.0
2024-03-19,34.208,34.329,33.781,34.078,1640100,0.0,0.0
2024-03-20,33.911,34.458,33.763,34.384,1927800,0.0,0.0
2024-03-21,34.477,35.247,34.477,34.895,2290700,0.0,0.0
2024-03-22,34.941,34.987,34.347,34.477,1637000,0.0,0.0
2024-03-25,34.588,34.653,34.087,34.217,1116600,0.0,0.0
2024-03-26,34.273,34.282,33.763,33.781,1382000,0.0,0.0
2024-03-27,34.124,34.653,33.967,34.338,4166300,0.0,0.0
2024-03-28,34.486,34.932,34.31,34.709,3007600,0.0,0.0
2024-04-01,34.635,34.7,33.985,33.995,1756200,0.0,0.0
2024-04-02,33.698,33.781,33.41,33.568,1923900,0.0,0.0
2024-04-03,33.475,33.892,33.234,33.828,1886500,0.0,0.0
2024-04-04,34.106,34.329,33.549,33.763,1801300,0.0,0.0
2024-04-05,33.614,33.985,33.466,33.874,1530300,0.0,0.0
2024-04-08,34.338,35.182,34.282,34.913,4593200,0.0,0.0
2024-04-09,35.049,35.622,34.918,35.537,3610800,0.425,0.0
2024-04-10,34.702,35.068,34.458,34.927,4513600,0.0,0.0
2024-04-11,35.227,35.349,34.411,34.88,4043500,0.0,0.0
2024-04-12,34.786,34.843,34.026,34.383,3225300,0.0,0.0
2024-04-15,34.608,34.702,33.444,33.642,1969300,0.0,0.0
2024-04-16,33.473,33.482,33.05,33.097,2128900,0.0,0.0
2024-04-17,33.322,33.613,33.003,33.163,2479700,0.0,0.0
2024-04-18,33.229,33.735,32.975,33.576,3354600,0.0,0.0
2024-04-19,33.81,34.205,33.735,34.158,3671100,0.0,0.0
2024-04-22,34.308,34.786,34.045,34.73,2513000,0.0,0.0
2024-04-23,34.702,35.284,34.702,34.974,2412000,0.0,0.0
2024-04-24,34.73,35.837,34.599,35.556,2891900,0.0,0.0
2024-04-25,35.697,35.809,35.396,35.631,2399800,0.0,0.0
2024-04-26,35.744,36.278,35.556,35.575,2117600,0.0,0.0
2024-04-29,35.856,36.11,35.678,35.931,2433100,0.0,0.0
2024-04-30,35.706,36.053,35.453,35.734,3264700,0.0,0.0
2024-05-01,34.786,35.706,34.589,35.181,5340500,0.0,0.0
2024-05-02,35.321,35.575,34.73,35.256,5231300,0.0,0.0
2024-05-03,35.772,36.016,35.509,35.875,2867200,0.0,0.0
2024-05-06,36.156,36.588,35.903,36.494,2654700,0.0,0.0
2024-05-07,36.738,36.888,36.457,36.569,2253300,0.0,0.0
2024-05-08,36.457,36.522,35.781,35.912,2887300,0.0,0.0
2024-05-09,36.175,36.748,35.912,36.635,3301900,0.0,0.0
2024-05-10,36.804,36.917,36.588,36.635,1716500,0.0,0.0
2024-05-13,36.691,37.029,36.597,36.71,1734000,0.0,0.0
2024-05-14,36.935,37.095,36.626,36.945,1673700,0.0,0.0
2024-05-15,37.508,37.508,37.095,37.179,1595100,0.0,0.0
2024-05-16,37.132,37.339,36.982,36.992,1574600,0.0,0.0
2024-05-17,37.132,37.189,36.926,37.104,2139600,0.0,0.0
2024-05-20,37.085,37.217,36.766,36.963,1847100,0.0,0.0
2024-05-21,36.907,37.292,36.748,37.245,2219200,0.0,0.0
2024-05-22,37.207,37.527,37.02,37.161,2207900,0.0,0.0
2024-05-23,37.057,37.057,36.41,36.419,1538100,0.0,0.0
2024-05-24,36.663,36.673,36.457,36.56,1272600,0.0,0.0
2024-05-28,36.776,36.841,35.837,35.856,1714000,0.0,0.0
2024-05-29,35.321,35.518,34.749,35.256,1510200,0.0,0.0
2024-05-30,35.528,35.781,35.396,35.537,1353000,0.0,0.0
2024-05-31,35.969,36.25,35.631,36.241,3719200,0.0,0.0
2024-06-03,36.391,36.588,36.156,36.466,2476700,0.0,0.0
2024-06-04,36.457,37.358,36.25,37.151,2970400,0.0,0.0
2024-06-05,36.982,37.329,36.701,37.311,1853600,0.0,0.0
2024-06-06,37.067,37.292,36.945,37.161,1374500,0.0,0.0
2024-06-07,36.644,37.292,36.644,37.226,2050000,0.0,0.0
2024-06-10,37.114,37.761,36.945,37.376,2132600,0.0,0.0
2024-06-11,37.048,37.301,36.832,36.879,2727600,0.0,0.0
2024-06-12,37.62,37.714,36.982,37.123,1904900,0.0,0.0
2024-06-13,37.254,37.705,37.161,37.451,1703200,0.0,0.0
2024-06-14,37.395,37.846,37.189,37.799,1984900,0.0,0.0
2024-06-17,37.536,37.968,37.217,37.855,1619000,0.0,0.0
2024-06-18,37.986,38.165,37.864,38.127,1295700,0.0,0.0
2024-06-20,38.174,38.183,37.902,38.08,1677800,0.0,0.0
2024-06-21,38.202,38.249,37.855,38.212,3902700,0.0,0.0
2024-06-24,38.296,38.915,38.155,38.624,1359200,0.0,0.0
2024-06-25,38.681,38.681,38.052,38.305,1383600,0.0,0.0
2024-06-26,37.977,38.287,37.883,37.968,1448100,0.0,0.0
2024-06-27,38.005,38.277,37.846,38.258,1393400,0.0,0.0
2024-06-28,38.568,38.765,38.193,38.615,3343700,0.0,0.0
2024-07-01,38.484,38.643,38.071,38.512,1616500,0.0,0.0
2024-07-02,38.606,38.775,38.315,38.465,2790000,0.0,0.0
2024-07-03,38.474,38.484,37.996,38.099,918800,0.0,0.0
2024-07-05,38.174,38.371,37.93,38.352,3267700,0.0,0.0
2024-07-08,38.38,38.568,38.174,38.305,1802100,0.0,0.0
2024-07-09,38.315,38.521,37.977,38.296,1471600,0.0,0.0
2024-07-10,38.49,38.585,38.045,38.547,1675000,0.425,0.0
2024-07-11,39.277,39.439,38.32,38.509,2136000,0.0,0.0
2024-07-12,38.699,38.737,38.083,38.263,2568700,0.0,0.0
2024-07-15,38.576,39.221,38.329,38.462,3724700,0.0,0.0
2024-07-16,38.671,39.002,38.31,38.955,3121400,0.0,0.0
2024-07-17,38.927,39.571,38.927,39.515,2672100,0.0,0.0
2024-07-18,39.353,40.226,39.287,39.477,2153700,0.0,0.0
2024-07-19,39.704,39.704,39.173,39.372,1044600,0.0,0.0
2024-07-22,39.391,39.96,39.183,39.856,1686500,0.0,0.0
2024-07-23,39.808,39.998,39.657,39.837,2712900,0.0,0.0
2024-07-24,39.875,40.027,39.258,39.353,2021600,0.0,0.0
2024-07-25,39.41,39.903,38.263,38.566,2018500,0.0,0.0
2024-07-26,38.775,39.353,38.623,39.135,1361300,0.0,0.0
2024-07-29,39.192,39.353,38.746,39.031,3155200,0.0,0.0
2024-07-30,39.173,39.23,38.291,38.737,3251600,0.0,0.0
2024-07-31,38.614,38.794,37.419,37.997,7241400,0.0,0.0
2024-08-01,38.424,38.633,38.111,38.623,4092100,0.0,0.0
2024-08-02,38.69,39.353,37.978,38.49,4219000,0.0,0.0
2024-08-05,38.301,38.756,37.741,37.893,2923000,0.0,0.0
2024-08-06,37.959,39.524,37.893,39.088,2104600,0.0,0.0
2024-08-07,39.088,39.998,38.983,39.021,2882200,0.0,0.0
2024-08-08,38.993,39.382,38.794,39.221,1311100,0.0,0.0
2024-08-09,39.372,39.742,39.107,39.704,2946800,0.0,0.0
2024-08-12,39.552,39.638,39.211,39.41,2148800,0.0,0.0
2024-08-13,39.78,39.78,39.458,39.533,806900,0.0,0.0
2024-08-14,39.524,39.922,39.448,39.619,1068200,0.0,0.0
2024-08-15,39.666,39.799,39.287,39.467,2042600,0.0,0.0
2024-08-16,39.391,39.666,39.154,39.552,1224700,0.0,0.0
2024-08-19,39.666,39.894,39.41,39.771,1299900,0.0,0.0
2024-08-20,39.846,40.008,39.628,39.922,1280900,0.0,0.0
2024-08-21,39.96,40.188,39.818,40.188,1763400,0.0,0.0
2024-08-22,40.292,40.444,40.074,40.358,1172600,0.0,0.0
2024-08-23,40.539,41.089,40.311,41.06,1353600,0.0,0.0
2024-08-26,41.335,41.43,40.861,40.984,1322400,0.0,0.0
2024-08-27,40.776,41.544,40.615,41.383,1558500,0.0,0.0
2024-08-28,41.506,41.933,41.364,41.904,1851400,0.0,0.0
2024-08-29,41.838,42.208,41.667,41.828,2087700,0.0,0.0
2024-08-30,42.094,42.227,41.705,42.208,2523300,0.0,0.0
2024-09-03,42.056,42.767,42.056,42.596,2056400,0.0,0.0
2024-09-04,41.876,42.767,41.876,42.283,2247600,0.0,0.0
2024-09-05,42.653,42.653,41.857,42.122,1997400,0.0,0.0
2024-09-06,42.075,42.075,41.183,41.771,3557500,0.0,0.0
2024-09-09,41.866,42.454,41.667,42.217,3537400,0.0,0.0
2024-09-10,42.407,43.317,42.407,43.232,2476300,0.0,0.0
2024-09-11,42.9,43.649,42.691,43.602,3588000,0.0,0.0
2024-09-12,43.64,44.227,43.64,44.142,3752000,0.0,0.0
2024-09-13,44.389,44.787,44.294,44.692,2908700,0.0,0.0
2024-09-16,45.081,45.09,44.531,44.54,2039100,0.0,0.0
2024-09-17,44.398,44.607,43.867,43.971,1361900,0.0,0.0
2024-09-18,44.104,44.673,43.772,43.801,2028000,0.0,0.0
2024-09-19,44.038,44.038,43.393,43.763,2104000,0.0,0.0
2024-09-20,43.545,43.791,43.213,43.26,4362800,0.0,0.0
2024-09-23,43.535,44.0,43.535,43.952,2556900,0.0,0.0
2024-09-24,43.573,43.943,43.355,43.64,3576400,0.0,0.0
2024-09-25,43.81,44.0,43.279,43.317,2090700,0.0,0.0
2024-09-26,43.279,43.393,42.739,42.871,1822600,0.0,0.0
2024-09-27,43.184,43.327,42.615,42.663,1733300,0.0,0.0
2024-09-30,42.445,43.099,42.416,42.995,2662400,0.0,0.0
2024-10-01,43.156,43.222,42.312,42.577,2033100,0.0,0.0
2024-10-02,42.189,42.805,42.103,42.777,2661300,0.0,0.0
2024-10-03,42.777,42.881,42.179,42.388,1670200,0.0,0.0
2024-10-04,42.17,42.407,41.743,42.283,1342400,0.0,0.0
2024-10-07,42.103,42.103,41.61,41.923,1580600,0.0,0.0
2024-10-08,42.189,42.274,41.496,41.819,1434100,0.0,0.0
2024-10-09,41.885,41.961,41.468,41.857,1153900,0.0,0.0
2024-10-10,41.756,42.063,41.421,41.565,1053900,0.425,0.0
2024-10-11,41.842,41.976,41.622,41.862,2273700,0.0,0.0
2024-10-14,41.929,42.331,41.651,42.072,3116000,0.0,0.0
2024-10-15,42.407,43.03,42.321,42.618,1956200,0.0,0.0
2024-10-16,42.704,43.039,42.58,42.934,971600,0.0,0.0
2024-10-17,42.915,43.02,42.369,42.436,1434200,0.0,0.0
2024-10-18,42.628,42.991,42.417,42.867,1102500,0.0,0.0
2024-10-21,42.628,42.637,41.881,41.929,1727600,0.0,0.0
2024-10-22,41.909,42.589,41.871,42.388,1325300,0.0,0.0
2024-10-23,42.388,43.154,42.34,42.809,1612100,0.0,0.0
2024-10-24,42.972,43.116,42.57,42.618,2002900,0.0,0.0
2024-10-25,42.752,42.867,41.948,42.005,1104400,0.0,0.0
2024-10-28,42.273,42.637,42.187,42.225,1424200,0.0,0.0
2024-10-29,42.139,42.398,41.747,41.756,1657200,0.0,0.0
2024-10-30,41.718,42.101,41.565,41.699,3137800,0.0,0.0
2024-10-31,40.741,41.163,40.09,40.397,4061200,0.0,0.0
2024-11-01,40.224,40.578,39.295,39.544,2704600,0.0,0.0
2024-11-04,39.774,40.387,39.621,40.282,3316900,0.0,0.0
2024-11-05,40.196,41.383,40.023,41.383,1855400,0.0,0.0
2024-11-06,42.264,42.264,41.009,41.431,3321500,0.0,0.0
2024-11-07,41.431,41.833,41.191,41.689,3364500,0.0,0.0
2024-11-08,41.919,42.781,41.708,42.589,2318800,0.0,0.0
2024-11-11,42.541,43.192,42.541,42.742,1931300,0.0,0.0
2024-11-12,42.637,42.982,42.331,42.388,2063300,0.0,0.0
2024-11-13,42.762,43.451,42.637,43.269,2988600,0.0,0.0
2024-11-14,42.972,43.068,42.628,42.656,2199600,0.0,0.0
2024-11-15,42.618,42.762,42.11,42.426,3211600,0.0,0.0
2024-11-18,42.321,42.723,42.283,42.551,1598300,0.0,0.0
2024-11-19,42.331,42.8,42.082,42.608,1037000,0.0,0.0
2024-11-20,42.407,42.561,42.024,42.455,1174600,0.0,0.0
2024-11-21,42.551,43.154,42.35,42.905,1086900,0.0,0.0
2024-11-22,42.991,43.336,42.924,43.173,1536100,0.0,0.0
2024-11-25,43.403,43.872,43.374,43.633,2590600,0.0,0.0
2024-11-26,43.69,44.169,43.47,43.987,2758300,0.0,0.0
2024-11-27,44.332,44.638,44.265,44.361,1185200,0.0,0.0
2024-11-29,44.313,44.466,43.853,43.911,1142400,0.0,0.0
2024-12-02,43.757,43.757,43.183,43.374,1998000,0.0,0.0
2024-12-03,43.451,43.499,42.8,42.886,1613600,0.0,0.0
2024-12-04,42.848,43.154,42.714,43.078,1355500,0.0,0.0
2024-12-05,42.838,43.125,42.57,42.829,1180900,0.0,0.0
2024-12-06,42.953,43.097,42.781,42.934,1312100,0.0,0.0
2024-12-09,42.953,43.049,42.58,42.982,1476900,0.0,0.0
2024-12-10,43.097,43.221,42.417,42.608,1274000,0.0,0.0
2024-12-11,42.8,42.857,42.388,42.426,1565200,0.0,0.0
2024-12-12,42.407,43.317,42.35,42.915,1220100,0.0,0.0
2024-12-13,42.675,42.991,42.465,42.58,1283900,0.0,0.0
2024-12-16,42.493,43.422,42.484,42.838,1637400,0.0,0.0
2024-12-17,42.57,42.896,42.388,42.522,2078200,0.0,0.0
2024-12-18,42.446,42.781,41.115,41.124,2554200,0.0,0.0
2024-12-19,41.153,41.804,40.531,40.617,2489200,0.0,0.0
2024-12-20,40.885,41.976,40.655,41.613,5497600,0.0,0.0
2024-12-23,41.258,41.689,41.096,41.613,1022800,0.0,0.0
2024-12-24,41.622,41.842,41.383,41.804,981900,0.0,0.0
2024-12-26,41.574,42.149,41.574,42.015,1651200,0.0,0.0
2024-12-27,41.689,42.082,41.498,41.565,929200,0.0,0.0
2024-12-30,41.373,41.373,40.722,41.239,1002500,0.0,0.0
